transExpense,distance,age,dailyWork,bodyMass,education,children,pets,day_ofwk,month_num,reasonAbs1,reasonAbs2,reasonAbs3,reasonAbs4,excessivelyAbs,prob
289,36,33,240,30,0,2,1,1,7,0,0,0,1,1,0.538661
118,13,50,240,31,0,1,0,1,7,0,0,0,0,0,0.0161476
179,51,38,240,31,0,0,0,2,7,0,0,0,1,0,0.24573
279,5,39,240,24,0,2,0,3,7,1,0,0,0,1,0.89954
289,36,33,240,30,0,2,1,3,7,0,0,0,1,0,0.538661
179,51,38,240,31,0,0,0,4,7,0,0,0,1,0,0.24573
361,52,28,240,27,0,1,4,4,7,0,0,1,0,1,0.923788
260,50,36,240,23,0,4,0,4,7,0,0,0,1,1,0.578008
155,12,34,240,25,0,2,0,0,7,0,0,1,0,1,0.903404
235,11,37,240,29,1,1,1,0,7,0,0,1,0,1,0.871845
260,50,36,240,23,0,4,0,0,7,1,0,0,0,1,0.931996
260,50,36,240,23,0,4,0,1,7,1,0,0,0,1,0.931996
260,50,36,240,23,0,4,0,2,7,1,0,0,0,1,0.931996
179,51,38,240,31,0,0,0,2,7,1,0,0,0,0,0.765242
179,51,38,240,31,0,0,0,2,7,0,0,0,1,1,0.24573
246,25,41,240,23,0,0,0,4,7,1,0,0,0,1,0.762263
179,51,38,240,31,0,0,0,4,7,0,0,0,1,0,0.24573
179,51,38,240,31,0,0,0,0,7,0,0,1,0,1,0.898143
189,29,33,240,25,0,2,2,3,7,1,0,0,0,1,0.675597
248,25,47,206,32,0,2,1,2,8,0,0,0,1,0,0.390871
330,16,28,206,25,1,0,0,2,8,1,0,0,0,1,0.883006
179,51,38,206,31,0,0,0,0,8,1,0,0,0,0,0.777896
361,52,28,206,27,0,1,4,0,8,1,0,0,0,1,0.828018
260,50,36,206,23,0,4,0,4,8,0,0,0,1,1,0.595418
289,36,33,206,30,0,2,1,0,8,0,0,1,0,1,0.971392
361,52,28,206,27,0,1,4,0,8,0,0,0,1,1,0.324863
289,36,33,206,30,0,2,1,1,8,0,0,0,1,0,0.556448
157,27,29,206,22,0,0,0,2,8,0,0,0,1,1,0.165832
289,36,33,206,30,0,2,1,2,8,0,0,1,0,1,0.971392
179,51,38,206,31,0,0,0,4,8,0,0,0,1,0,0.259281
179,51,38,206,31,0,0,0,0,8,0,0,1,0,1,0.904527
235,29,48,206,33,0,1,5,3,8,0,0,1,0,1,0.681783
235,11,37,206,29,1,1,1,3,8,0,0,0,1,1,0.212637
235,29,48,206,33,0,1,5,0,8,0,0,1,0,1,0.681783
179,51,38,206,31,0,0,0,0,8,0,0,0,1,0,0.259281
361,52,28,206,27,0,1,4,0,8,0,0,0,1,0,0.324863
289,36,33,206,30,0,2,1,1,8,0,0,0,1,1,0.556448
291,50,32,206,23,0,0,0,3,8,1,0,0,0,1,0.873702
235,29,48,206,33,0,1,5,4,8,0,0,0,1,1,0.0733523
260,50,36,206,23,0,4,0,4,8,0,0,0,1,1,0.595418
184,42,27,241,21,0,0,0,1,9,0,0,0,1,0,0.214516
118,10,37,241,28,0,0,0,0,9,0,0,0,1,1,0.150038
179,51,38,241,31,0,0,0,1,9,0,0,0,1,1,0.273308
235,20,43,241,38,0,1,0,1,9,0,0,1,0,1,0.970137
155,12,34,241,25,0,2,0,2,9,0,0,0,1,0,0.285156
118,10,37,241,28,0,0,0,6,9,0,0,0,1,0,0.150038
179,51,38,241,31,0,0,0,0,9,0,0,0,1,0,0.273308
291,31,40,241,25,0,1,1,3,9,0,0,0,1,1,0.369159
260,50,36,241,23,0,4,0,4,9,0,0,1,0,1,0.977168
291,31,40,241,25,0,1,1,0,9,1,0,0,0,1,0.854125
260,50,36,241,23,0,4,0,0,9,0,0,0,0,0,0.132011
225,26,28,241,24,0,1,2,0,9,0,0,0,0,0,0.0256213
225,26,28,241,24,0,1,2,1,9,0,0,0,1,0,0.214692
118,10,37,241,28,0,0,0,1,9,0,0,0,1,0,0.150038
289,36,33,241,30,0,2,1,1,9,0,0,0,0,0,0.114768
118,13,50,241,31,0,1,0,1,9,0,0,0,0,0,0.018595
225,26,28,241,24,0,1,2,2,9,0,0,1,0,0,0.880945
179,51,38,241,31,0,0,0,2,9,0,0,0,1,0,0.273308
369,17,31,241,25,0,3,0,2,9,0,0,0,0,0,0.298556
248,25,47,241,32,0,2,1,4,9,0,0,0,1,0,0.408095
179,51,38,241,31,0,0,0,4,9,0,0,0,1,0,0.273308
260,50,36,241,23,0,4,0,4,9,0,0,0,1,1,0.61259
179,51,38,253,31,0,0,0,1,10,0,0,0,1,0,0.287799
118,10,37,253,28,0,0,0,1,10,0,0,0,1,0,0.159428
118,13,50,253,31,0,1,0,2,10,0,0,0,0,0,0.0199517
179,26,30,253,19,1,0,0,3,10,0,0,0,1,0,0.11445
179,51,38,253,31,0,0,0,4,10,0,0,0,1,0,0.287799
225,26,28,253,24,0,1,2,4,10,0,0,0,1,0,0.227046
118,10,37,253,28,0,0,0,1,10,0,0,0,1,0,0.159428
225,26,28,253,24,0,1,2,2,10,0,0,0,1,0,0.227046
248,25,47,253,32,0,2,1,2,10,0,0,0,1,0,0.425548
291,31,40,253,25,0,1,1,3,10,0,0,0,1,1,0.386033
179,51,38,253,31,0,0,0,2,10,0,0,0,1,1,0.287799
225,26,28,253,24,0,1,2,2,10,0,0,0,1,0,0.227046
260,50,36,253,23,0,4,0,3,10,0,0,1,0,1,0.978716
291,31,40,253,25,0,1,1,1,10,1,0,0,0,1,0.862846
225,26,28,253,24,0,1,2,1,10,0,0,0,1,0,0.227046
289,36,33,253,30,0,2,1,2,10,0,0,0,1,1,0.591549
361,52,28,253,27,0,1,4,4,10,0,0,0,1,0,0.357117
260,50,36,253,23,0,4,0,4,10,0,0,0,1,0,0.629488
179,51,38,306,31,0,0,0,3,11,0,0,0,1,0,0.302739
225,26,28,306,24,0,1,2,2,11,0,0,0,1,0,0.239894
179,51,38,306,31,0,0,0,3,11,1,0,0,0,1,0.812885
179,22,40,306,22,1,2,0,3,11,0,0,1,0,1,0.860159
291,31,40,306,25,0,1,1,3,11,0,0,0,1,1,0.403185
155,12,34,306,25,0,2,0,0,11,1,0,0,0,1,0.821675
189,29,33,306,25,0,2,2,0,11,0,0,1,0,1,0.882463
291,31,40,306,25,0,1,1,0,11,1,0,0,0,1,0.871125
225,26,28,306,24,0,1,2,2,11,0,0,0,1,0,0.239894
155,12,34,306,25,0,2,0,4,11,1,0,0,0,1,0.821675
225,26,28,306,24,0,1,2,2,11,0,0,0,1,0,0.239894
179,22,40,306,22,1,2,0,2,11,0,0,1,0,1,0.860159
225,26,28,306,24,0,1,2,4,11,1,0,0,0,0,0.759492
260,50,36,306,23,0,4,0,4,11,0,0,0,1,1,0.646074
248,25,47,306,32,0,2,1,0,11,0,0,0,1,0,0.443189
225,26,28,306,24,0,1,2,1,11,0,0,0,1,0,0.239894
289,36,33,306,30,0,2,1,2,11,1,0,0,0,1,0.939649
291,31,40,306,25,0,1,1,3,11,0,0,0,1,0,0.403185
248,25,47,261,32,0,2,1,1,12,0,0,0,1,0,0.460973
118,10,37,261,28,0,0,0,1,12,0,0,1,0,1,0.855622
118,13,50,261,31,0,1,0,2,12,0,0,0,1,0,0.196366
235,11,37,261,29,1,1,1,2,12,0,0,0,1,1,0.264662
225,26,28,261,24,0,1,2,3,12,0,0,0,1,0,0.253231
260,50,36,261,23,0,4,0,4,12,0,0,0,1,1,0.662316
118,10,37,261,28,0,0,0,1,12,0,0,1,0,1,0.855622
361,52,28,261,27,0,1,4,2,12,0,0,1,0,1,0.945525
225,26,28,261,24,0,1,2,3,12,0,0,0,1,0,0.253231
260,50,36,261,23,0,4,0,4,12,0,0,0,1,0,0.662316
225,26,28,261,24,0,1,2,1,12,0,0,0,1,0,0.253231
361,52,28,261,27,0,1,4,2,12,0,0,1,0,1,0.945525
118,10,37,261,28,0,0,0,4,12,0,0,0,1,0,0.179626
246,25,41,261,23,0,0,0,4,12,0,0,1,0,1,0.925482
225,26,28,261,24,0,1,2,4,12,0,0,0,1,0,0.253231
225,26,28,309,24,0,1,2,2,1,0,0,0,1,0,0.133389
118,10,37,309,28,0,0,0,0,1,0,0,1,0,0,0.728995
118,10,37,309,28,0,0,0,1,1,0,0,0,1,0,0.0904009
155,12,34,309,25,0,2,0,1,1,0,0,1,0,1,0.858732
225,26,28,309,24,0,1,2,2,1,0,0,0,1,0,0.133389
184,42,27,309,21,0,0,0,3,1,0,0,0,1,0,0.133268
225,26,28,309,24,0,1,2,3,1,0,0,0,1,0,0.133389
225,26,28,309,24,0,1,2,4,1,0,0,0,1,0,0.133389
118,10,37,309,28,0,0,0,0,1,0,0,0,1,0,0.0904009
225,26,28,309,24,0,1,2,1,1,0,0,0,1,0,0.133389
118,10,37,309,28,0,0,0,1,1,0,0,0,1,0,0.0904009
118,10,37,309,28,0,0,0,2,1,0,0,0,1,0,0.0904009
118,10,37,309,28,0,0,0,3,1,0,0,0,1,0,0.0904009
118,10,37,309,28,0,0,0,4,1,0,0,0,1,0,0.0904009
118,10,37,309,28,0,0,0,0,1,0,0,0,1,0,0.0904009
118,10,37,309,28,0,0,0,1,1,0,0,0,1,0,0.0904009
179,26,30,309,19,1,0,0,1,1,0,0,1,0,1,0.647016
289,36,33,309,30,0,2,1,1,1,0,0,1,0,1,0.953576
118,10,37,309,28,0,0,0,2,1,0,0,0,1,0,0.0904009
184,42,27,309,21,0,0,0,3,1,0,0,0,1,0,0.133268
118,10,37,309,28,0,0,0,3,1,0,0,0,1,0,0.0904009
118,10,37,309,28,0,0,0,0,1,0,0,0,1,0,0.0904009
225,26,28,309,24,0,1,2,1,1,0,0,0,1,0,0.133389
289,36,33,309,30,0,2,1,3,1,0,0,1,0,0,0.953576
184,42,27,303,21,0,0,0,4,2,0,0,0,1,0,0.141783
246,25,41,303,23,0,0,0,2,2,1,0,0,0,1,0.691276
179,51,38,303,31,0,0,0,2,2,1,0,0,0,1,0.694789
155,12,34,303,25,0,2,0,3,2,0,0,0,1,0,0.194399
189,29,33,303,25,0,2,2,3,2,0,0,0,1,1,0.126908
260,50,36,303,23,0,4,0,4,2,0,0,0,1,0,0.488894
289,36,33,303,30,0,2,1,4,2,0,0,1,0,1,0.956653
388,15,50,303,24,0,0,0,0,2,1,0,0,0,1,0.875122
388,15,50,303,24,0,0,0,1,2,1,0,0,0,1,0.875122
225,26,28,303,24,0,1,2,0,2,0,0,0,1,0,0.14191
225,26,28,303,24,0,1,2,1,2,0,0,0,1,0,0.14191
179,26,30,303,19,1,0,0,1,2,0,0,0,1,0,0.0678292
184,42,27,303,21,0,0,0,1,2,0,0,0,1,1,0.141783
225,26,28,303,24,0,1,2,3,2,0,0,0,1,0,0.14191
330,16,28,303,25,1,0,0,0,2,0,0,1,0,1,0.929922
330,16,28,303,25,1,0,0,1,2,0,0,0,1,0,0.328985
225,26,28,303,24,0,1,2,2,2,0,0,0,1,0,0.14191
189,29,33,303,25,0,2,2,3,2,0,0,1,0,1,0.797332
291,50,32,343,23,0,0,0,1,3,0,0,0,1,0,0.325615
260,50,36,343,23,0,4,0,1,3,0,0,1,0,1,0.965298
157,27,29,343,22,0,0,0,1,3,0,0,1,0,0,0.789811
179,22,40,343,22,1,2,0,1,3,0,1,0,0,1,0.311083
291,31,40,343,25,0,1,1,2,3,0,0,1,0,1,0.911462
260,50,36,343,23,0,4,0,2,3,1,0,0,0,1,0.911374
179,26,30,343,19,1,0,0,3,3,1,0,0,0,1,0.438916
248,25,47,343,32,0,2,1,4,3,1,0,0,0,0,0.817645
260,50,36,343,23,0,4,0,4,3,1,0,0,0,1,0.911374
179,22,40,343,22,1,2,0,0,3,1,0,0,0,1,0.561448
155,12,34,343,25,0,2,0,0,3,1,0,0,0,1,0.721776
260,50,36,343,23,0,4,0,0,3,0,0,0,1,1,0.506844
155,12,34,343,25,0,2,0,1,3,1,0,0,0,1,0.721776
289,36,33,343,30,0,2,1,3,3,1,0,0,0,1,0.897604
179,22,40,343,22,1,2,0,3,3,1,0,0,0,1,0.561448
260,50,36,343,23,0,4,0,4,3,0,0,0,1,1,0.506844
225,26,28,343,24,0,1,2,4,3,0,0,0,1,0,0.150881
279,5,39,343,24,0,2,0,0,3,1,0,0,0,1,0.870445
179,51,38,343,31,0,0,0,1,3,1,0,0,0,1,0.7098
225,26,28,343,24,0,1,2,2,3,0,0,0,1,0,0.150881
225,26,28,343,24,0,1,2,0,3,1,0,0,0,1,0.640019
179,26,30,343,19,1,0,0,0,3,1,0,0,0,0,0.438916
225,26,28,343,24,0,1,2,1,3,1,0,0,0,1,0.640019
225,26,28,343,24,0,1,2,2,3,1,0,0,0,1,0.640019
179,51,38,343,31,0,0,0,2,3,1,0,0,0,0,0.7098
279,5,39,343,24,0,2,0,3,3,1,0,0,0,1,0.870445
225,26,28,343,24,0,1,2,4,3,0,0,0,1,0,0.150881
248,25,47,343,32,0,2,1,4,3,1,0,0,0,0,0.817645
225,26,28,343,24,0,1,2,0,3,0,0,0,1,0,0.150881
291,31,40,326,25,0,1,1,2,4,0,0,0,1,0,0.290109
225,26,28,326,24,0,1,2,2,4,0,0,0,1,0,0.160313
155,12,34,326,25,0,2,0,1,4,0,0,0,1,0,0.217881
246,25,41,326,23,0,0,0,2,4,1,0,0,0,1,0.721056
155,12,34,326,25,0,2,0,3,4,0,0,0,1,0,0.217881
225,26,28,326,24,0,1,2,4,4,0,0,0,1,0,0.160313
260,50,36,326,23,0,4,0,4,4,0,0,0,1,1,0.524775
179,51,38,326,31,0,0,0,2,4,1,0,0,0,1,0.724365
118,13,50,326,31,0,1,0,3,4,0,0,0,1,0,0.120934
291,31,40,326,25,0,1,1,4,4,0,0,0,1,0,0.290109
246,25,41,326,23,0,0,0,4,4,1,0,0,0,1,0.721056
291,31,40,326,25,0,1,1,4,4,0,0,0,1,0,0.290109
248,25,47,326,32,0,2,1,4,4,0,0,0,1,1,0.325003
260,50,36,326,23,0,4,0,4,4,0,0,1,0,1,0.967625
289,36,33,326,30,0,2,1,1,4,0,0,1,0,1,0.962233
155,12,34,326,25,0,2,0,2,4,1,0,0,0,1,0.735964
378,49,36,326,21,0,2,4,2,4,0,0,1,0,1,0.888105
289,36,33,326,30,0,2,1,3,4,1,0,0,0,1,0.904018
235,11,37,326,29,1,1,1,4,4,1,0,0,0,0,0.669699
235,29,48,326,33,0,1,5,0,4,0,0,0,0,0,0.00568043
289,36,33,379,30,0,2,1,2,5,1,0,0,0,1,0.91007
155,12,34,379,25,0,2,0,3,5,0,0,0,1,0,0.230365
155,12,34,379,25,0,2,0,0,5,0,0,0,1,0,0.230365
179,51,38,379,31,0,0,0,1,5,0,0,1,0,1,0.884234
225,26,28,379,24,0,1,2,1,5,0,0,1,0,1,0.847378
184,42,27,379,21,0,0,0,2,5,1,0,0,0,1,0.672169
155,12,34,379,25,0,2,0,0,5,0,0,0,1,0,0.230365
179,51,38,379,31,0,0,0,1,5,1,0,0,0,0,0.738469
289,36,33,379,30,0,2,1,2,5,1,0,0,0,1,0.91007
279,5,39,379,24,0,2,0,2,5,0,0,0,0,0,0.0693865
330,16,28,379,25,1,0,0,2,5,0,0,0,0,0,0.0552596
378,49,36,379,21,0,2,4,2,5,0,0,0,0,0,0.0294133
388,15,50,379,24,0,0,0,2,5,0,0,0,0,0,0.0771141
179,51,38,379,31,0,0,0,1,5,1,0,0,0,0,0.738469
118,13,50,379,31,0,1,0,2,5,1,0,0,0,1,0.596606
361,52,28,379,27,0,1,4,4,5,0,0,1,0,1,0.913041
246,25,41,378,23,0,0,0,0,6,0,0,1,0,1,0.889775
361,52,28,378,27,0,1,4,0,6,0,0,1,0,1,0.918576
246,25,41,378,23,0,0,0,1,6,1,0,0,0,1,0.749006
291,31,40,378,25,0,1,1,3,6,0,0,0,1,1,0.32055
246,25,41,378,23,0,0,0,4,6,1,0,0,0,1,0.749006
179,51,38,378,31,0,0,0,0,6,1,0,0,0,1,0.752098
155,12,34,378,25,0,2,0,0,6,0,0,0,1,1,0.243341
246,25,41,378,23,0,0,0,0,6,1,0,0,0,1,0.749006
118,13,50,378,31,0,1,0,2,6,1,0,0,0,1,0.613761
235,11,37,378,29,1,1,1,4,6,1,0,0,0,1,0.700659
118,13,50,378,31,0,1,0,1,6,0,0,0,1,0,0.137051
118,13,50,378,31,0,1,0,2,6,1,0,0,0,1,0.613761
378,49,36,378,21,0,2,4,3,6,0,0,1,0,1,0.901601
179,51,38,378,31,0,0,0,4,6,1,0,0,0,0,0.752098
289,48,49,378,36,0,0,2,0,6,0,0,0,1,0,0.270088
225,26,28,378,24,0,1,2,3,6,0,0,0,1,0,0.1806
155,12,34,275,25,0,2,0,1,7,0,0,1,0,1,0.903404
118,13,50,275,31,0,1,0,2,7,1,0,0,0,1,0.630638
118,10,37,275,28,0,0,0,4,7,1,0,0,0,1,0.604737
118,10,37,275,28,0,0,0,4,7,0,0,0,1,1,0.132629
330,16,28,275,25,1,0,0,1,7,0,0,0,1,1,0.412474
179,26,30,275,19,1,0,0,3,7,0,0,1,0,1,0.738229
155,12,34,275,25,0,2,0,4,7,0,0,0,1,0,0.256805
330,16,28,275,25,1,0,0,0,7,1,0,0,0,1,0.875382
330,16,28,275,25,1,0,0,1,7,1,0,0,0,1,0.875382
157,27,29,275,22,0,0,0,0,7,0,0,0,1,0,0.156136
361,52,28,275,27,0,1,4,1,7,0,0,1,0,1,0.923788
289,36,33,275,30,0,2,1,2,7,0,0,0,1,1,0.538661
179,51,38,275,31,0,0,0,3,7,0,0,0,1,1,0.24573
289,36,33,275,30,0,2,1,0,7,0,0,1,0,1,0.969327
289,36,33,275,30,0,2,1,3,7,0,0,1,0,1,0.969327
260,50,36,275,23,0,4,0,3,7,0,0,0,0,0,0.116407
289,36,33,266,30,0,2,1,3,8,0,0,1,0,1,0.971392
157,27,29,266,22,0,0,0,3,8,0,0,1,0,0,0.843278
289,36,33,266,30,0,2,1,6,8,0,0,0,1,0,0.556448
228,14,58,266,22,0,2,1,0,8,0,0,1,0,1,0.836735
300,26,43,266,25,0,2,1,2,8,1,0,0,0,0,0.878936
300,26,43,266,25,0,2,1,2,8,1,0,0,0,0,0.878936
260,50,36,266,23,0,4,0,3,8,0,0,0,1,1,0.595418
289,36,33,266,30,0,2,1,0,8,0,0,0,1,1,0.556448
248,25,47,266,32,0,2,1,1,8,0,0,0,1,0,0.390871
268,11,33,266,25,1,0,0,2,8,1,0,0,0,1,0.783138
179,26,30,266,19,1,0,0,2,8,0,0,0,1,0,0.100681
118,13,50,266,31,0,1,0,2,8,1,0,0,0,0,0.647202
248,25,47,266,32,0,2,1,6,8,0,0,0,1,0,0.390871
235,11,37,266,29,1,1,1,0,8,0,0,0,1,0,0.212637
118,13,50,266,31,0,1,0,2,8,0,0,0,1,0,0.154937
235,11,37,266,29,1,1,1,2,8,0,0,1,0,1,0.879656
361,52,28,266,27,0,1,4,0,8,1,0,0,0,1,0.828018
184,42,27,266,21,0,0,0,1,8,1,0,0,0,1,0.717771
179,51,38,294,31,0,0,0,0,9,1,0,0,0,1,0.790054
179,51,38,294,31,0,0,0,4,9,0,0,0,1,0,0.273308
289,36,33,294,30,0,2,1,2,9,0,0,1,0,1,0.973321
235,20,43,294,38,0,1,0,3,9,0,0,0,0,0,0.103496
246,25,41,294,23,0,0,0,0,9,1,0,0,0,1,0.787302
291,31,40,294,25,0,1,1,1,9,0,0,0,1,0,0.369159
231,35,39,294,35,0,2,2,1,9,0,0,0,0,0,0.0545734
291,50,32,294,23,0,0,0,1,9,0,0,0,0,0,0.0666854
179,51,38,294,31,0,0,0,2,9,1,0,0,0,1,0.790054
246,25,41,294,23,0,0,0,2,9,1,0,0,0,1,0.787302
179,51,38,294,31,0,0,0,3,9,0,0,0,1,0,0.273308
291,31,40,294,25,0,1,1,4,9,0,0,0,1,1,0.369159
260,50,36,294,23,0,4,0,4,9,0,0,0,1,1,0.61259
235,20,43,294,38,0,1,0,2,9,0,0,0,1,1,0.545508
118,13,50,294,31,0,1,0,3,9,0,0,0,1,0,0.164573
235,20,43,294,38,0,1,0,3,9,0,0,0,0,0,0.103496
291,31,40,294,25,0,1,1,4,9,0,0,0,1,0,0.369159
291,31,40,294,25,0,1,1,0,9,1,0,0,0,1,0.854125
179,51,38,294,31,0,0,0,0,9,1,0,0,0,1,0.790054
289,36,33,265,30,0,2,1,2,10,0,0,0,1,1,0.591549
235,11,37,265,29,1,1,1,2,10,0,0,0,1,1,0.237671
289,36,33,265,30,0,2,1,2,10,0,0,0,1,1,0.591549
289,36,33,265,30,0,2,1,3,10,0,0,1,0,1,0.975124
118,13,50,265,31,0,1,0,3,10,0,0,0,0,0,0.0199517
248,25,47,265,32,0,2,1,3,10,0,0,0,0,0,0.0665121
179,26,30,265,19,1,0,0,2,10,1,0,0,0,1,0.563919
118,10,37,265,28,0,0,0,2,10,1,0,0,0,0,0.654903
369,17,31,265,25,0,3,0,2,10,0,0,1,0,1,0.992289
179,51,38,265,31,0,0,0,4,10,0,0,0,1,0,0.287799
179,26,30,265,19,1,0,0,4,10,1,0,0,0,1,0.563919
235,20,43,265,38,0,1,0,4,10,0,0,0,0,0,0.110351
289,36,33,265,30,0,2,1,5,10,0,0,1,0,1,0.975124
260,50,36,265,23,0,4,0,6,10,0,0,0,1,0,0.629488
235,20,43,265,38,0,1,0,6,10,0,0,0,0,0,0.110351
235,20,43,265,38,0,1,0,2,10,0,0,0,1,0,0.563245
235,20,43,265,38,0,1,0,2,10,0,0,0,1,0,0.563245
118,13,50,265,31,0,1,0,3,10,0,0,0,1,0,0.174685
291,31,40,265,25,0,1,1,3,10,0,0,0,1,1,0.386033
179,26,30,265,19,1,0,0,5,10,0,0,0,1,1,0.11445
118,13,50,265,31,0,1,0,5,10,0,0,0,1,0,0.174685
361,52,28,265,27,0,1,4,2,10,1,0,0,0,1,0.847517
260,50,36,265,23,0,4,0,3,10,0,0,0,0,0,0.140459
291,31,40,265,25,0,1,1,3,10,0,0,0,0,0,0.0570263
157,27,29,265,22,0,0,0,3,10,0,0,0,0,0,0.0215973
179,26,30,265,19,1,0,0,4,10,1,0,0,0,1,0.563919
179,26,30,265,19,1,0,0,4,10,1,0,0,0,1,0.563919
118,13,50,265,31,0,1,0,5,10,0,0,0,1,0,0.174685
118,10,37,284,28,0,0,0,0,11,1,0,0,0,1,0.670946
248,25,47,284,32,0,2,1,0,11,0,0,0,1,0,0.443189
179,51,38,284,31,0,0,0,1,11,1,0,0,0,1,0.812885
260,50,36,284,23,0,4,0,4,11,0,0,0,1,0,0.646074
291,31,40,284,25,0,1,1,0,11,0,0,0,1,0,0.403185
378,49,36,284,21,0,2,4,0,11,1,0,0,0,1,0.829069
155,12,34,284,25,0,2,0,0,11,1,0,0,0,1,0.821675
235,20,43,284,38,0,1,0,0,11,0,0,0,1,1,0.580822
330,16,28,284,25,1,0,0,1,11,0,0,0,0,0,0.0825624
235,11,37,284,29,1,1,1,2,11,0,0,1,0,0,0.900661
118,10,37,284,28,0,0,0,2,11,1,0,0,0,0,0.670946
235,11,37,284,29,1,1,1,3,11,0,0,0,1,0,0.250925
179,51,38,284,31,0,0,0,3,11,0,0,0,1,0,0.302739
246,25,41,284,23,0,0,0,4,11,1,0,0,0,1,0.81036
291,31,40,284,25,0,1,1,4,11,1,0,0,0,1,0.871125
246,25,41,284,23,0,0,0,0,11,1,0,0,0,1,0.81036
179,51,38,284,31,0,0,0,1,11,0,0,0,1,0,0.302739
260,50,36,284,23,0,4,0,2,11,1,0,0,0,1,0.948092
260,50,36,284,23,0,4,0,4,11,0,1,0,0,1,0.865632
378,49,36,284,21,0,2,4,4,11,0,0,0,0,0,0.0445481
279,5,39,284,24,0,2,0,1,11,0,0,0,0,0,0.102909
179,51,38,284,31,0,0,0,3,11,0,0,0,1,0,0.302739
225,26,28,237,24,0,1,2,0,12,1,0,0,0,0,0.772363
179,51,38,237,31,0,0,0,0,12,0,0,0,1,0,0.318107
179,51,38,237,31,0,0,0,0,12,0,0,0,1,0,0.318107
235,11,37,237,29,1,1,1,0,12,0,0,0,1,0,0.264662
118,13,50,237,31,0,1,0,1,12,0,0,0,1,0,0.196366
260,50,36,237,23,0,4,0,4,12,0,0,0,1,1,0.662316
246,25,41,237,23,0,0,0,3,12,1,0,0,0,1,0.82115
179,51,38,237,31,0,0,0,3,12,0,0,0,1,0,0.318107
179,51,38,237,31,0,0,0,4,12,0,0,0,1,0,0.318107
179,26,30,237,19,1,0,0,1,12,0,0,0,1,0,0.12983
118,10,37,237,28,0,0,0,1,12,0,0,0,1,1,0.179626
235,11,37,237,29,1,1,1,3,12,0,0,0,1,0,0.264662
179,51,38,237,31,0,0,0,4,12,0,0,0,1,0,0.318107
235,20,43,237,38,0,1,0,1,12,1,0,0,0,1,0.937092
235,11,37,237,29,1,1,1,1,12,1,0,0,0,1,0.782667
260,50,36,237,23,0,4,0,2,12,0,0,0,1,1,0.662316
157,27,29,237,22,0,0,0,0,12,0,0,0,1,0,0.209452
179,51,38,237,31,0,0,0,0,12,0,0,0,1,0,0.318107
289,36,33,237,30,0,2,1,0,12,0,0,1,0,1,0.97838
225,26,28,330,24,0,1,2,2,1,0,0,0,1,1,0.133389
118,10,37,330,28,0,0,0,0,1,0,0,1,0,1,0.728995
155,12,34,330,25,0,2,0,0,1,0,0,0,1,0,0.1834
235,11,37,330,29,1,1,1,1,1,1,0,0,0,0,0.620438
155,12,34,330,25,0,2,0,1,1,0,0,0,1,1,0.1834
289,36,33,330,30,0,2,1,0,1,0,0,0,1,1,0.431463
291,31,40,330,25,0,1,1,2,1,1,0,0,0,1,0.767256
235,20,43,330,38,0,1,0,0,1,0,0,0,1,1,0.403257
118,13,50,330,31,0,1,0,0,1,0,0,0,1,1,0.0998371
179,51,38,330,31,0,0,0,2,1,0,0,0,1,0,0.174747
179,51,38,330,31,0,0,0,4,1,0,0,0,1,0,0.174747
118,10,37,252,28,0,0,0,1,2,0,0,0,1,0,0.0964817
179,51,38,252,31,0,0,0,2,2,0,0,0,1,0,0.185345
225,26,28,252,24,0,1,2,2,2,1,0,0,0,0,0.623314
289,36,33,252,30,0,2,1,4,2,0,0,1,0,0,0.956653
260,50,36,252,23,0,4,0,4,2,0,0,0,1,0,0.488894
179,51,38,252,31,0,0,0,4,2,0,0,0,1,0,0.185345
179,51,38,252,31,0,0,0,0,2,0,0,0,1,0,0.185345
179,51,38,252,31,0,0,0,2,2,0,0,0,1,0,0.185345
179,51,38,252,31,0,0,0,3,2,1,0,0,0,1,0.694789
246,25,41,252,23,0,0,0,3,2,0,0,0,1,1,0.182864
179,51,38,252,31,0,0,0,4,2,0,0,0,1,0,0.185345
189,29,33,252,25,0,2,2,0,2,0,0,1,0,1,0.797332
179,51,38,252,31,0,0,0,0,2,0,0,0,1,0,0.185345
246,25,41,252,23,0,0,0,1,2,0,0,0,1,0,0.182864
291,31,40,252,25,0,1,1,1,2,0,0,0,1,0,0.261445
157,27,29,252,22,0,0,0,2,2,1,0,0,0,1,0.563864
179,51,38,252,31,0,0,0,2,2,0,0,0,1,0,0.185345
179,51,38,252,31,0,0,0,4,2,0,0,0,1,0,0.185345
246,25,41,252,23,0,0,0,4,2,1,0,0,0,1,0.691276
179,51,38,252,31,0,0,0,2,2,0,0,0,1,0,0.185345
179,51,38,252,31,0,0,0,4,2,0,0,0,1,0,0.185345
118,10,37,244,28,0,0,0,1,3,0,0,1,0,1,0.756418
246,25,41,244,23,0,0,0,2,3,0,0,1,0,1,0.866808
246,25,41,244,23,0,0,0,4,3,0,0,0,1,0,0.193839
260,50,36,244,23,0,4,0,4,3,0,0,0,1,1,0.506844
179,51,38,244,31,0,0,0,0,3,0,0,0,1,0,0.196433
235,11,37,244,29,1,1,1,0,3,0,0,1,0,1,0.836189
179,22,40,244,22,1,2,0,1,3,0,0,1,0,1,0.77594
378,49,36,244,21,0,2,4,1,3,0,0,1,0,1,0.880767
179,51,38,244,31,0,0,0,0,3,0,0,0,1,1,0.196433
361,52,28,244,27,0,1,4,2,3,0,0,1,0,1,0.900942
369,17,31,244,25,0,3,0,2,3,0,0,0,0,0,0.216696
235,11,37,244,29,1,1,1,3,3,0,0,1,0,1,0.836189
118,13,50,244,31,0,1,0,4,3,0,0,0,1,0,0.113506
118,13,50,244,31,0,1,0,1,3,1,0,0,0,0,0.561618
118,13,50,244,31,0,1,0,2,3,1,0,0,0,1,0.561618
235,11,37,244,29,1,1,1,3,3,0,0,0,0,0,0.0178167
246,25,41,244,23,0,0,0,3,3,0,0,0,0,0,0.0226041
118,13,50,244,31,0,1,0,3,3,0,0,0,0,0,0.0121653
179,51,38,244,31,0,0,0,4,3,0,0,0,1,1,0.196433
289,36,33,244,30,0,2,1,4,3,0,0,1,0,1,0.959535
260,50,36,244,23,0,4,0,0,3,0,0,1,0,1,0.965298
246,25,41,244,23,0,0,0,1,3,0,0,0,1,0,0.193839
179,51,38,239,31,0,0,0,2,4,0,0,0,1,1,0.208015
260,50,36,239,23,0,4,0,4,4,0,0,0,1,0,0.524775
330,16,28,239,25,1,0,0,4,4,0,0,0,1,1,0.361429
369,17,31,239,25,0,3,0,0,4,0,0,1,0,1,0.988186
248,25,47,239,32,0,2,1,0,4,0,0,0,1,1,0.325003
330,16,28,239,25,1,0,0,2,4,0,0,0,1,1,0.361429
179,51,38,239,31,0,0,0,2,4,0,0,0,1,1,0.208015
118,13,50,239,31,0,1,0,0,4,0,0,0,1,0,0.120934
118,13,50,239,31,0,1,0,2,4,1,0,0,0,1,0.579211
300,26,43,239,25,0,2,1,4,4,0,0,0,1,1,0.352519
260,50,36,239,23,0,4,0,4,4,0,0,0,1,1,0.524775
179,51,38,239,31,0,0,0,0,4,0,0,0,1,1,0.208015
118,10,37,239,28,0,0,0,2,4,1,0,0,0,0,0.552264
235,20,43,246,38,0,1,0,0,5,1,0,0,0,1,0.900112
248,25,47,246,32,0,2,1,2,5,0,0,0,1,0,0.340949
369,17,31,246,25,0,3,0,0,5,1,0,0,0,1,0.97078
179,26,30,246,19,1,0,0,2,5,0,0,0,1,0,0.0827843
179,51,38,246,31,0,0,0,2,5,0,0,0,1,1,0.220092
361,52,28,246,27,0,1,4,3,5,0,0,0,1,0,0.279503
260,50,36,246,23,0,4,0,4,5,0,0,0,1,0,0.542643
179,22,40,246,22,1,2,0,0,5,1,0,0,0,0,0.59644
179,22,40,246,22,1,2,0,0,5,1,0,0,0,0,0.59644
228,14,58,246,22,0,2,1,2,5,0,0,1,0,1,0.805137
225,26,28,246,24,0,1,2,2,5,0,0,0,1,0,0.170216
330,16,28,246,25,1,0,0,4,5,1,0,0,0,1,0.858853
179,26,30,246,19,1,0,0,0,5,0,0,0,1,0,0.0827843
118,10,37,246,28,0,0,0,0,5,0,0,0,1,0,0.116961
235,11,37,246,29,1,1,1,0,5,1,0,0,0,1,0.685385
179,26,30,246,19,1,0,0,2,5,0,0,0,1,0,0.0827843
118,10,37,254,28,0,0,0,0,6,0,0,0,1,0,0.124584
179,51,38,254,31,0,0,0,0,6,0,0,0,1,0,0.232665
118,10,37,254,28,0,0,0,1,6,0,0,0,1,0,0.124584
225,26,28,254,24,0,1,2,3,6,0,0,0,1,1,0.1806
260,50,36,254,23,0,4,0,4,6,0,0,0,1,1,0.560402
179,51,38,254,31,0,0,0,4,6,0,0,0,0,0,0.0283373
291,31,40,254,25,0,1,1,0,6,1,0,0,0,1,0.825189
179,51,38,254,31,0,0,0,0,6,0,0,0,1,1,0.232665
246,25,41,254,23,0,0,0,1,6,0,0,0,1,0,0.22973
179,51,38,254,31,0,0,0,0,6,0,0,0,1,1,0.232665
235,20,43,254,38,0,1,0,1,6,0,0,0,1,1,0.49178
179,51,38,254,31,0,0,0,0,6,0,0,0,1,0,0.232665
225,26,28,254,24,0,1,2,2,6,0,0,0,1,0,0.1806
118,13,50,254,31,0,1,0,2,6,0,0,0,1,0,0.137051
179,51,38,254,31,0,0,0,2,6,1,0,0,0,1,0.752098
179,26,30,254,19,1,0,0,2,6,0,0,1,0,0,0.724118
246,25,41,254,23,0,0,0,4,6,0,0,0,1,0,0.22973
330,16,28,254,25,1,0,0,1,6,1,0,0,0,0,0.867335
235,11,37,254,29,1,1,1,1,6,1,0,0,0,1,0.700659
179,26,30,230,19,1,0,0,3,7,0,0,0,1,0,0.0943628
225,26,28,230,24,0,1,2,3,7,0,0,0,1,1,0.191471
260,50,36,230,23,0,4,0,4,7,1,0,0,0,1,0.931996
268,11,33,230,25,1,0,0,0,7,1,0,0,0,1,0.770695
330,16,28,230,25,1,0,0,4,7,0,0,0,1,1,0.412474
118,10,37,230,28,0,0,0,4,7,0,0,0,1,1,0.132629
260,50,36,230,23,0,4,0,0,7,0,0,0,1,1,0.578008
118,10,37,230,28,0,0,0,1,7,0,0,0,1,1,0.132629
300,26,43,230,25,0,2,1,0,7,0,1,0,0,1,0.704431
235,29,48,230,33,0,1,5,0,7,0,0,0,1,0,0.0686185
246,25,41,230,23,0,0,0,1,7,0,0,0,1,0,0.242682
225,26,28,230,24,0,1,2,1,7,1,0,0,0,1,0.703218
179,51,38,230,31,0,0,0,1,7,0,0,0,1,0,0.24573
118,13,50,230,31,0,1,0,4,7,0,0,0,1,0,0.145767
361,52,28,230,27,0,1,4,4,7,0,0,1,0,1,0.923788
289,36,33,230,30,0,2,1,0,7,0,0,1,0,1,0.969327
235,20,43,230,38,0,1,0,0,7,0,0,0,1,1,0.50973
246,25,41,230,23,0,0,0,1,7,0,0,0,1,0,0.242682
291,31,40,230,25,0,1,1,3,7,0,0,0,1,0,0.336387
279,5,39,230,24,0,2,0,3,7,0,0,0,1,0,0.47227
179,51,38,250,31,0,0,0,3,8,0,0,0,1,1,0.259281
179,22,40,250,22,1,2,0,0,8,0,0,0,1,0,0.154847
246,25,41,250,23,0,0,0,1,8,0,0,0,1,1,0.256122
118,10,37,250,28,0,0,0,1,8,0,0,0,1,1,0.141109
289,36,33,250,30,0,2,1,1,8,0,0,0,1,1,0.556448
235,20,43,250,38,0,1,0,1,8,0,0,0,1,1,0.527654
291,31,40,250,25,0,1,1,3,8,0,0,0,1,1,0.3526
179,51,38,250,31,0,0,0,0,8,0,0,0,1,1,0.259281
179,22,40,250,22,1,2,0,1,8,0,0,0,1,1,0.154847
330,16,28,250,25,1,0,0,3,8,0,0,0,1,1,0.429977
235,11,37,250,29,1,1,1,1,8,0,0,0,1,1,0.212637
246,25,41,250,23,0,0,0,1,8,0,0,0,1,0,0.256122
118,10,37,250,28,0,0,0,1,8,0,0,0,1,1,0.141109
291,31,40,250,25,0,1,1,3,8,0,0,0,1,0,0.3526
260,50,36,250,23,0,4,0,0,8,0,0,0,1,0,0.595418
246,25,41,262,23,0,0,0,1,9,0,0,0,1,0,0.27004
246,25,41,262,23,0,0,0,1,9,0,0,0,1,0,0.27004
118,10,37,262,28,0,0,0,1,9,0,0,0,1,0,0.150038
155,12,34,262,25,0,2,0,1,9,0,0,0,1,0,0.285156
291,31,40,262,25,0,1,1,3,9,0,0,0,1,0,0.369159
179,26,30,262,19,1,0,0,4,9,0,0,0,1,1,0.107371
248,25,47,262,32,0,2,1,4,9,0,0,0,1,0,0.408095
179,51,38,262,31,0,0,0,0,9,0,0,0,1,1,0.273308
225,26,28,262,24,0,1,2,2,9,0,0,0,1,0,0.214692
179,26,30,262,19,1,0,0,0,9,0,0,0,1,0,0.107371
369,17,31,262,25,0,3,0,1,9,0,0,0,1,1,0.815676
361,52,28,262,27,0,1,4,1,9,0,0,1,0,1,0.933303
289,48,49,285,36,0,0,2,3,10,1,0,0,0,0,0.831487
235,16,32,285,25,1,0,0,3,10,1,0,0,0,0,0.758746
246,25,41,285,23,0,0,0,4,10,0,0,0,1,1,0.284426
289,48,49,285,36,0,0,2,2,10,1,0,0,0,0,0.831487
291,31,40,285,25,0,1,1,2,10,0,0,0,1,0,0.386033
118,10,37,285,28,0,0,0,1,10,0,0,0,1,0,0.159428
289,48,49,285,36,0,0,2,3,10,0,0,0,1,0,0.330273
291,31,40,285,25,0,1,1,4,10,0,0,0,1,0,0.386033
225,26,28,285,24,0,1,2,1,10,0,0,0,1,0,0.227046
369,17,31,285,25,0,3,0,1,10,0,0,0,1,1,0.826228
369,17,31,285,25,0,3,0,1,10,0,0,0,1,0,0.826228
225,26,28,285,24,0,1,2,1,10,0,0,0,1,1,0.227046
369,17,31,285,25,0,3,0,1,10,0,0,0,1,1,0.826228
179,51,38,285,31,0,0,0,2,10,0,0,0,1,0,0.287799
228,14,58,285,22,0,2,1,2,10,1,0,0,0,0,0.686246
291,31,40,285,25,0,1,1,2,10,0,0,0,1,0,0.386033
369,17,31,285,25,0,3,0,3,10,1,0,0,0,1,0.979413
225,26,28,285,24,0,1,2,3,10,1,0,0,0,0,0.746132
369,17,31,285,25,0,3,0,4,10,1,0,0,0,1,0.979413
225,26,28,285,24,0,1,2,4,10,1,0,0,0,0,0.746132
189,29,33,285,25,0,2,2,6,10,0,0,0,1,1,0.205197
235,16,32,285,25,1,0,0,6,10,1,0,0,0,1,0.758746
248,25,47,285,32,0,2,1,6,10,1,0,0,0,1,0.881124
225,26,28,285,24,0,1,2,6,10,0,0,0,0,0,0.0274763
225,26,28,285,24,0,1,2,1,10,1,0,0,0,0,0.746132
179,51,38,269,31,0,0,0,1,11,0,0,1,0,0,0.921578
118,10,37,269,28,0,0,0,2,11,0,0,0,1,0,0.169287
330,16,28,269,25,1,0,0,2,11,1,0,0,0,1,0.903491
179,51,38,269,31,0,0,0,4,11,0,0,0,1,0,0.302739
118,10,37,269,28,0,0,0,1,11,1,0,0,0,1,0.670946
289,36,33,269,30,0,2,1,2,11,0,0,0,1,1,0.608778
235,16,32,269,25,1,0,0,4,11,1,0,0,0,1,0.771645
225,26,28,269,24,0,1,2,4,11,0,0,0,1,1,0.239894
361,52,28,269,27,0,1,4,1,11,0,0,1,0,1,0.941706
291,31,40,269,25,0,1,1,2,11,0,0,0,1,0,0.403185
118,10,37,269,28,0,0,0,3,11,1,0,0,0,0,0.670946
225,26,28,269,24,0,1,2,3,11,1,0,0,0,0,0.759492
179,51,38,269,31,0,0,0,0,11,0,0,0,1,0,0.302739
118,10,37,269,28,0,0,0,0,11,0,0,0,1,1,0.169287
118,10,37,269,28,0,0,0,1,11,1,0,0,0,1,0.670946
225,26,28,269,24,0,1,2,1,11,0,0,0,1,0,0.239894
291,31,40,269,25,0,1,1,1,11,0,0,0,0,0,0.0610127
289,36,33,269,30,0,2,1,2,11,0,0,0,0,0,0.130184
248,25,47,269,32,0,2,1,3,11,1,0,0,0,1,0.888442
235,20,43,269,38,0,1,0,3,11,0,0,0,0,0,0.1176
225,26,28,269,24,0,1,2,4,11,0,0,0,1,0,0.239894
369,17,31,269,25,0,3,0,4,11,0,0,0,1,1,0.836298
361,52,28,269,27,0,1,4,0,11,0,0,0,1,0,0.373766
179,51,38,281,31,0,0,0,1,12,1,0,0,0,1,0.823562
291,31,40,281,25,0,1,1,2,12,0,0,0,1,0,0.420577
225,26,28,281,24,0,1,2,2,12,0,0,0,1,0,0.253231
179,26,30,281,19,1,0,0,4,12,1,0,0,0,0,0.598854
225,26,28,281,24,0,1,2,4,12,0,0,0,1,0,0.253231
225,26,28,281,24,0,1,2,2,12,0,0,0,1,0,0.253231
361,52,28,281,27,0,1,4,3,12,1,0,0,0,1,0.865165
179,22,40,281,22,1,2,0,4,12,0,0,1,0,0,0.868575
235,20,43,281,38,0,1,0,4,12,0,0,0,1,1,0.598196
233,51,31,281,21,1,1,8,0,12,0,0,1,0,1,0.244924
179,26,30,281,19,1,0,0,1,12,1,0,0,0,1,0.598854
225,26,28,281,24,0,1,2,1,12,0,0,0,1,0,0.253231
225,26,28,281,24,0,1,2,3,12,0,0,0,1,0,0.253231
225,26,28,281,24,0,1,2,0,12,0,0,0,1,0,0.253231
155,12,34,281,25,0,2,0,1,12,0,0,1,0,1,0.930518
179,26,30,314,19,1,0,0,0,1,1,0,0,0,1,0.403916
179,26,30,314,19,1,0,0,3,1,1,0,0,0,1,0.403916
179,22,40,314,22,1,2,0,3,1,0,0,0,1,0,0.099775
179,22,40,314,22,1,2,0,4,1,0,0,0,1,0,0.099775
179,26,30,314,19,1,0,0,0,1,1,0,0,0,0,0.403916
179,22,40,314,22,1,2,0,2,1,0,0,0,1,0,0.099775
289,48,49,314,36,0,0,2,3,1,1,0,0,0,1,0.721104
179,22,40,314,22,1,2,0,4,1,0,0,1,0,0,0.749988
179,26,30,314,19,1,0,0,0,1,0,0,0,1,0,0.0634275
155,12,34,314,25,0,2,0,1,1,0,0,1,0,1,0.858732
179,26,30,314,19,1,0,0,2,1,0,0,0,1,0,0.0634275
179,51,38,314,31,0,0,0,2,1,0,0,0,1,0,0.174747
289,36,33,314,30,0,2,1,2,1,1,0,0,0,1,0.883631
179,51,38,314,31,0,0,0,3,1,0,0,0,1,0,0.174747
179,51,38,314,31,0,0,0,4,1,0,0,0,1,0,0.174747
179,51,38,264,31,0,0,0,1,2,1,0,0,0,1,0.694789
225,26,28,264,24,0,1,2,1,2,0,0,0,1,0,0.14191
248,25,47,264,32,0,2,1,2,2,1,0,0,0,1,0.806693
179,51,38,264,31,0,0,0,2,2,0,0,0,1,0,0.185345
225,26,28,264,24,0,1,2,3,2,0,0,0,1,0,0.14191
179,51,38,264,31,0,0,0,3,2,0,0,0,1,0,0.185345
179,26,30,264,19,1,0,0,3,2,0,0,0,1,0,0.0678292
225,15,41,264,28,1,2,2,4,2,0,0,0,1,0,0.103203
179,51,38,264,31,0,0,0,4,2,0,0,0,1,0,0.185345
233,51,31,264,21,1,1,8,0,2,0,0,1,0,0,0.136587
179,51,38,264,31,0,0,0,0,2,0,0,0,1,0,0.185345
225,26,28,264,24,0,1,2,1,2,1,0,0,0,1,0.623314
179,51,38,264,31,0,0,0,2,2,0,0,0,1,0,0.185345
179,51,38,264,31,0,0,0,3,2,0,0,0,1,0,0.185345
225,26,28,264,24,0,1,2,3,2,0,0,0,1,0,0.14191
179,26,30,264,19,1,0,0,3,2,1,0,0,0,0,0.421317
179,22,40,264,22,1,2,0,4,2,0,0,0,1,0,0.106413
179,51,38,264,31,0,0,0,4,2,0,0,0,1,0,0.185345
233,51,31,264,21,1,1,8,2,2,1,0,0,0,0,0.0552498
179,26,30,264,19,1,0,0,2,2,0,0,0,1,0,0.0678292
179,51,38,264,31,0,0,0,2,2,0,0,0,1,0,0.185345
179,51,38,264,31,0,0,0,3,2,1,0,0,0,1,0.694789
179,51,38,264,31,0,0,0,4,2,0,0,0,1,0,0.185345
155,12,34,264,25,0,2,0,0,2,0,0,0,1,1,0.194399
235,16,32,264,25,1,0,0,0,2,0,0,0,1,0,0.150359
179,51,38,264,31,0,0,0,0,2,0,0,0,1,0,0.185345
225,26,28,264,24,0,1,2,0,2,1,0,0,0,0,0.623314
179,51,38,264,31,0,0,0,1,2,0,0,0,1,0,0.185345
248,25,47,264,32,0,2,1,1,2,0,0,0,1,0,0.294321
225,26,28,264,24,0,1,2,1,2,0,0,0,1,0,0.14191
179,51,38,264,31,0,0,0,2,2,0,0,0,1,0,0.185345
179,51,38,264,31,0,0,0,3,2,0,0,0,1,0,0.185345
235,16,32,264,25,1,0,0,4,2,0,0,0,1,0,0.150359
179,51,38,222,31,0,0,0,0,3,0,0,0,1,0,0.196433
248,25,47,222,32,0,2,1,0,3,0,0,0,1,0,0.309452
228,14,58,222,22,0,2,1,1,3,0,0,0,1,0,0.116791
248,25,47,222,32,0,2,1,1,3,0,0,0,1,0,0.309452
228,14,58,222,22,0,2,1,1,3,1,0,0,0,1,0.569542
179,51,38,222,31,0,0,0,2,3,0,0,0,1,0,0.196433
225,26,28,222,24,0,1,2,3,3,0,0,0,1,0,0.150881
179,51,38,222,31,0,0,0,3,3,0,0,0,1,0,0.196433
225,26,28,222,24,0,1,2,3,3,0,0,0,1,0,0.150881
179,26,30,222,19,1,0,0,4,3,0,0,0,1,0,0.0725127
235,16,32,222,25,1,0,0,0,3,0,0,0,1,0,0.159764
361,52,28,222,27,0,1,4,0,3,0,0,1,0,1,0.900942
179,51,38,222,31,0,0,0,1,3,1,0,0,0,1,0.7098
179,51,38,222,31,0,0,0,2,3,0,0,0,1,0,0.196433
179,51,38,222,31,0,0,0,3,3,0,0,0,1,0,0.196433
179,26,30,222,19,1,0,0,4,3,0,0,0,1,0,0.0725127
179,51,38,222,31,0,0,0,0,3,1,0,0,0,1,0.7098
248,25,47,222,32,0,2,1,0,3,1,0,0,0,0,0.817645
179,51,38,222,31,0,0,0,0,3,0,0,0,1,0,0.196433
225,26,28,222,24,0,1,2,0,3,1,0,0,0,1,0.640019
179,51,38,222,31,0,0,0,1,3,0,0,0,1,0,0.196433
289,36,33,222,30,0,2,1,2,3,0,0,0,1,1,0.46698
228,14,58,222,22,0,2,1,2,3,0,0,0,1,0,0.116791
179,51,38,222,31,0,0,0,2,3,0,0,0,1,0,0.196433
248,25,47,222,32,0,2,1,3,3,0,0,0,1,0,0.309452
179,51,38,222,31,0,0,0,3,3,0,0,0,1,0,0.196433
179,26,30,222,19,1,0,0,4,3,0,0,0,1,0,0.0725127
179,51,38,222,31,0,0,0,4,3,0,0,0,1,0,0.196433
179,51,38,222,31,0,0,0,1,3,0,0,0,1,0,0.196433
118,15,46,222,25,0,2,0,2,3,0,0,0,1,1,0.11285
155,12,34,222,25,0,2,0,2,3,1,0,0,0,1,0.721776
179,51,38,222,31,0,0,0,2,3,0,0,0,1,0,0.196433
179,51,38,222,31,0,0,0,3,3,0,0,0,1,0,0.196433
179,26,30,222,19,1,0,0,0,3,1,0,0,0,0,0.438916
289,36,33,222,30,0,2,1,0,3,0,0,1,0,1,0.959535
369,17,31,222,25,0,3,0,2,3,0,0,1,0,1,0.987317
225,26,28,246,24,0,1,2,0,4,1,0,0,0,1,0.656391
118,10,37,246,28,0,0,0,0,4,1,0,0,0,1,0.552264
361,52,28,246,27,0,1,4,1,4,0,0,1,0,1,0.907168
248,25,47,246,32,0,2,1,2,4,0,0,1,0,1,0.928734
189,29,33,246,25,0,2,2,3,4,1,0,0,0,1,0.626725
179,26,30,246,19,1,0,0,4,4,0,0,0,1,0,0.0774928
369,17,31,246,25,0,3,0,0,4,1,0,0,0,1,0.968673
179,22,40,246,22,1,2,0,1,4,0,1,0,0,0,0.326677
118,13,50,246,31,0,1,0,1,4,0,0,0,1,0,0.120934
361,52,28,246,27,0,1,4,1,4,0,0,0,1,0,0.265274
118,10,37,246,28,0,0,0,2,4,1,0,0,0,0,0.552264
235,11,37,246,29,1,1,1,4,4,0,0,1,0,1,0.845789
179,26,30,246,19,1,0,0,4,4,0,0,0,1,0,0.0774928
225,26,28,246,24,0,1,2,0,4,0,0,1,0,1,0.837858
235,16,32,246,25,1,0,0,1,4,0,1,0,0,0,0.418941
179,26,30,246,19,1,0,0,4,4,0,0,0,1,0,0.0774928
155,12,34,246,25,0,2,0,1,4,0,0,0,1,1,0.217881
225,26,28,246,24,0,1,2,3,4,0,0,1,0,1,0.837858
118,13,50,246,31,0,1,0,3,4,1,0,0,0,0,0.579211
179,26,30,246,19,1,0,0,4,4,0,0,0,1,0,0.0774928
235,11,37,238,29,1,1,1,0,5,0,0,1,0,1,0.854924
225,15,41,238,28,1,2,2,2,5,0,0,1,0,0,0.794386
235,16,32,238,25,1,0,0,2,5,0,0,0,1,0,0.179996
118,10,37,238,28,0,0,0,2,5,1,0,0,0,0,0.569946
235,20,43,238,38,0,1,0,2,5,0,0,0,1,1,0.473852
179,26,30,238,19,1,0,0,3,5,1,0,0,0,0,0.474535
291,31,40,238,25,0,1,1,3,5,0,0,0,1,0,0.305117
225,15,41,238,28,1,2,2,3,5,1,0,0,0,1,0.58818
300,26,43,238,25,0,2,1,4,5,0,0,1,0,1,0.940593
225,15,41,238,28,1,2,2,4,5,0,0,1,0,1,0.794386
179,26,30,238,19,1,0,0,4,5,0,0,0,1,0,0.0827843
118,13,50,238,31,0,1,0,0,5,0,0,0,1,0,0.128778
118,13,50,238,31,0,1,0,1,5,1,0,0,0,0,0.596606
118,10,37,238,28,0,0,0,1,5,0,0,0,1,0,0.116961
118,13,50,238,31,0,1,0,1,5,0,0,0,0,0,0.0140177
179,26,30,238,19,1,0,0,2,5,0,0,0,1,0,0.0827843
378,49,36,238,21,0,2,4,2,5,0,0,0,0,0,0.0294133
179,22,40,238,22,1,2,0,4,5,0,1,0,0,0,0.342663
155,12,34,238,25,0,2,0,0,5,1,0,0,0,1,0.749679
235,16,32,238,25,1,0,0,0,5,1,0,0,0,1,0.68714
291,31,40,238,25,0,1,1,2,5,0,0,1,0,1,0.922387
179,22,40,238,22,1,2,0,2,5,1,0,0,0,1,0.59644
225,26,28,238,24,0,1,2,2,5,1,0,0,0,0,0.6724
330,16,28,238,25,1,0,0,3,5,1,0,0,0,1,0.858853
235,16,32,238,25,1,0,0,3,5,0,0,0,1,0,0.179996
291,31,40,238,25,0,1,1,3,5,0,0,0,1,0,0.305117
